CREATE TABLE SALESPEOPLE( 
SNUM INT PRIMARY KEY, 
SNAME VARCHAR(20) UNIQUE, 
CITY VARCHAR(15), 
COMM FLOAT);

INSERT INTO SALESPEOPLE VALUES(1002, 'SERRES', 'SANJOSE' , .13);

INSERT INTO SALESPEOPLE VALUES(1004, 'MOTIKA', 'LANDON' , .11);

INSERT INTO SALESPEOPLE VALUES(1007, 'RIFKIN', 'BARCELONA' , .15);

INSERT INTO SALESPEOPLE VALUES(1003, 'AXELROD', 'NEWYORK' , .10);

INSERT INTO SALESPEOPLE VALUES(1001, 'PEEL', 'LONDON' , .12);

CREATE TABLE CUSTOMERS( 
CNUM INT PRIMARY KEY, 
CNAME VARCHAR(20), 
CITY VARCHAR(15) NOT NULL, 
SNUM INT, 
FOREIGN KEY (SNUM) REFERENCES SALESPEOPLE(SNUM) 
);

CREATE TABLE ORDERS( 
ONUM INT, 
AMT FLOAT(10), 
ODATE DATE, 
CNUM INT, 
SNUM INT, 
FOREIGN KEY (CNUM) REFERENCES CUSTOMERS(CNUM), 
FOREIGN KEY (SNUM) REFERENCES SALESPEOPLE(SNUM) 
);

INSERT INTO CUSTOMERS VALUES(2001,'HOFFMAN','LONDON',1001);

INSERT INTO CUSTOMERS VALUES(2002,'GIOVANNI','ROME',1003);

INSERT INTO CUSTOMERS VALUES(2003,'LIU','SANJOSE',1002);

INSERT INTO CUSTOMERS VALUES(2004,'GRASS','BERLIN',1002);

INSERT INTO CUSTOMERS VALUES(2006,'CLEMENS','LONDON',1001);

INSERT INTO CUSTOMERS VALUES(2008,'CISNEROS','SANJOSE',1007);

INSERT INTO CUSTOMERS VALUES(2007,'PEREIRA','ROME',1004);

INSERT INTO Orders values( 3001, 18.69 , '3-OCT-1990', 2008, 1007);

INSERT INTO Orders values( 3003, 767.19 , '3-OCT-1990', 2001, 1001);

INSERT INTO Orders values( 3005, 5160.45 , '3-OCT-1990', 2003, 1002);

INSERT INTO Orders values( 3006, 1098.16, '3-OCT-1990', 2008, 1007);

INSERT INTO Orders values( 3009, 1713.23, '4-OCT-1990', 2002, 1003);

INSERT INTO Orders values( 3007, 75.75, '4-OCT-1990', 2004, 1002);

INSERT INTO Orders values( 3008, 4273.00 , '5-OCT-1990', 2006, 1001);

INSERT INTO Orders values( 3010, 1309.95, '6-OCT-1990', 2004, 1002);

INSERT INTO Orders values( 3011, 9891.88 , '6-OCT-1990', 2006, 1001);

INSERT INTO Orders values( 3002, 1900.10, '3-OCT-1990', 2007, 1004);

SELECT * FROM ORDERS;

SELECT COUNT(SNAME) FROM SALESPEOPLE WHERE SNAME LIKE 'A%' OR SNAME LIKE 'a%';

SELECT COUNT(Snum) FROM SalesPeople WHERE City='Newyork';

